Reference,Fm/Platform Name,Location,Lattitude,Longitude,Period,Series or stage,Lower,Upper,Center,Range,bin,Tepees,Pisoids
Read and Repetski (2012),Rome/Shady Dolomite,Eastern US,40.254385,-77.34729,Cambrian,Early,541,485,513,56,13,No,No
Kwon et al. (2002),Choson Supergroup,South Korea,38.667346,125.786345,Cambrian,Middle,541,485,513,56,13,No,No
Rankey et al. (1994),Maryville and Craig Ls,Tenessee,36.082675,-83.780697,Cambrian,Middle,541,485,513,56,13,No,No
Henderson and Dann (2010),Mail change LS,Australia,-19.615078,138.641506,Cambrian,Middle,541,485,513,56,13,No,No
Kwon et al. (2002),Choson Supergroup,South Korea,38.667346,125.786345,Cambrian,Late,541,485,513,56,13,No,No
Han et al. (2015),North China Platform,China,35.097113,117.659522,Cambrian,Early,541,485,513,56,13,Yes,No
Myrow and Coniglio (1991),Chapel Island Fm. ,Newfoundland,46.959533,-55.782564,Cambrian,Early,541,485,513,56,13,Yes,No
Grotzinger and  Al-Rawahi (2014),Ara Group,Oman,20.089319,57.099118,Cambrian,Early,541,485,513,56,13,Yes,No
Alvaro et al. (2000),Lancara Fm.,Spain,42.886955,-5.176587,Cambrian,Early,541,485,513,56,13,Yes,No
Bartley et al. (1998),Platonovskaya Formation,Siberia,60.533857,90.316297,Cambrian,Early,541,485,513,56,13,Yes,No
Alvaro et al. (2006),Anti-Atlas platform,Morocco,30.357421,-8.775338,Cambrian,Early,541,485,513,56,13,Yes,No
"Mount et al., (1991)",Deep Spring Fm.,Death Valley,36.909537,-117.09686,Cambrian,Early,541,485,513,56,13,Yes,No
Yang et al. (2017),Longwangmiao Fm.,China,30.839044,106.137046,Cambrian,Early,541,485,513,56,13,Yes,No
Osleger and Montanez (1996),Bonanza King,Nevada,36.206009,-116.021201,Cambrian,Middle,541,485,513,56,13,Yes,No
Bayet-Goll et al. (2015),Fasham and Deh-Sufiyan Formations,Iran,36.055502,53.918319,Cambrian,Middle,541,485,513,56,13,Yes,No
Raine and Smith (2017),Eilean Duhb Fm.,Ireland,58.447741,-4.757425,Cambrian,Middle,541,485,513,56,13,Yes,No
Elicki (2007),Burj Fm.,Jordan,30.747494,35.284239,Cambrian,Middle,541,485,513,56,13,Yes,No
Middleton (2001),Death Canyon Limestone,Wyoming,43.333583,-109.733521,Cambrian,Middle,541,485,513,56,13,Yes,No
Garzanti et al. (1986),Karsha Member,India,33.310972,76.879708,Cambrian,Middle,541,485,513,56,13,Yes,No
Chow and James (1992),Port au Port Group,Newfoundland,48.548503,-58.84365,Cambrian,Late,541,485,513,56,13,Yes,No
Osleger and Read (1991),Orr Formation,Utah,38.91733,-113.384742,Cambrian,Late,541,485,513,56,13,Yes,No
Osleger and Read (1991),Allentown Dolomite,Eastern US,38.171147,-79.005272,Cambrian,Late,541,485,513,56,13,Yes,No
 Keller et al. (1989),La Fletcha Fm.,Argentina,-31.844329,-69.074697,Cambrian,Late,541,485,513,56,13,Yes,No
Raine and Smith (2017),Eilean Duhb Fm.,Ireland,58.447741,-4.757425,Cambrian,Late,541,485,513,56,13,Yes,No
Sprechmann et al. (2004),Cerro Victoria Formation,Uruguay,-33.383562,-55.084233,Cambrian,Early,541,485,513,56,13,Yes,Yes
Pratt (2002),Cathedral Dolomite,British Colombia,50.9276,-115.075874,Cambrian,Middle,541,485,513,56,13,Yes,Yes
Goldhammer et al. (1993),El Paso Gp,Texas,31.951537,-106.017274,Ordovician,Lower,485,444,464.5,41,12,No,No
Cafias (1999),La Silla Fm.,Argentina,-30.07569,-68.831552,Ordovician,Lower,485,444,464.5,41,12,No,No
Rao (1990),Gordon Gp.,Tasmania,-42.100971,146.434957,Ordovician,Lower,485,444,464.5,41,12,No,No
Hersi and Dix (1999),St. Lawrence Platform,Ottowa,45.563473,-75.943885,Ordovician,Late,485,444,464.5,41,12,No,No
Liu (2009),North China Platform,North China,31.335897,110.731204,Ordovician,Early,485,444,464.5,41,12,Yes,No
Liu (2009),North China Platform,South China,41.085378,118.780264,Ordovician,Early,485,444,464.5,41,12,Yes,No
Bova and Read (1987),Appalachian Basins,Virginia,36.195366,-82.422111,Ordovician,Early,485,444,464.5,41,12,Yes,No
McCobb et al. (2014),Antiklinalbugt Fm.,Greenland,73.014249,-23.629036,Ordovician,Early,485,444,464.5,41,12,Yes,No
Dewing and Nowlan (2012),Ninnis Glacier Fm.,Alberta,74.700824,-84.10213,Ordovician,Early,485,444,464.5,41,12,Yes,No
Dewing and Nowlan (2012),Bulleys Lump Fm.,Alberta,76.643835,-95.564164,Ordovician,Early,485,444,464.5,41,12,Yes,No
Overstreet et al. (2003),Jefferson City/Cotter dolomites,Missouri,37.755483,-91.766468,Ordovician,Lower,485,444,464.5,41,12,Yes,No
Pratt and James (1986),St. George Group,Newfoundland,51.374018,-55.772429,Ordovician,Lower,485,444,464.5,41,12,Yes,No
Azmy et al. (2009),Aguathuna Fm.,Newfoundland,48.69,-58.52,Ordovician,Lower,485,444,464.5,41,12,Yes,No
Dix and Al Rodhan (2006),Carillon Fm. ,Ottowa,45.500107,-75.807999,Ordovician,Middle,485,444,464.5,41,12,Yes,No
Woo (1999),Duwibong Fm.,Korea,37.391173,127.879806,Ordovician,Middle,485,444,464.5,41,12,Yes,No
Musmann and Read (1986),Knox Group,Tenessee,37.528378,-80.159668,Ordovician,Middle,485,444,464.5,41,12,Yes,No
Ross et al. (1989),Whiterock platform,Southwest US,35.601672,-114.960843,Ordovician,Middle,485,444,464.5,41,12,Yes,No
Pope (2014),Montoya Gp.,NM and TX,31.868527,-106.188646,Ordovician,Upper,485,444,464.5,41,12,Yes,No
Landing et al. (2012),Tribes-Hill and Rochdale Fm.,New York,42.822673,-73.760216,Ordovician,Early,485,444,464.5,41,12,Yes,Yes
Gill (1977),Salina Group,Michigan Basin,42.297637,-83.307171,Silurian,Upper,444,393,418.5,51,11,No,No
Sodero and Hobson (1979),Allen and Read Bay Fms,NW Territories,75.030124,-94.437849,Silurian,?,444,393,418.5,51,11,No,No
Jarochowska et al. (2017),Rootsiküla Formation,Estonia,58.322384,22.051352,Silurian,Middle (?),444,393,418.5,51,11,No,No
Coniglio et al. (2004),Salina Group,Michigan Basin (Ontario),42.989737,-82.313304,Silurian,Upper,444,393,418.5,51,11,No,No
Fritz and Medlock (1994),Henryhouse Fm.,Anadarko Basin,34.245513,-96.747476,Silurian,Upper,444,393,418.5,51,11,No,No
Jones et al. (1987),Wilow Glenn Fm.,South Wales,-32.753243,149.751536,Silurian,?,444,393,418.5,51,11,No,No
Belak (1980),Rondout Fm.,New York,42.989624,-77.433561,Silurian,Upper,444,393,418.5,51,11,No,No
De Freitas et al. (1999),Canadian Arctic,Canadian Arctic,76.810701,-85.398032,Silurian,Ludfordian (Upper),444,393,418.5,51,11,No,No
Watkins et al. (1999),Waukabkee Fm.,Michigan Basin,44.899996,-88.075948,Silurian,Upper,444,393,418.5,51,11,No,No
Smith and Stearn (1987),Dissapointment Bay,Canadian Arctic,77.314225,-85.029296,Devonian,Lower,444,393,418.5,51,11,No,No
"Harris et al., (1996)",Eastern Great Basin,Utah,40.44796,-112.51819,Silurian,Lower,444,393,418.5,51,11,Yes,No
Cluff et al. (1992),Interlake Fm.,North Dakota,48.107156,-102.803051,Silurian,Lower (?),444,393,418.5,51,11,Yes,No
Zand-Moghadam et al. (2014),Padeha Fm.,Iran,34.956595,57.152428,Devonian,Lower,444,393,418.5,51,11,Yes,No
Keller (1997),Cantabrian Mtns.,Spain,42.877964,-5.762718,Devonian,Lower,444,393,418.5,51,11,Yes,No
Diedrich and Wilkinson (1999),Helderberg Gp.,New York,42.796839,-74.747232,Devonian,Lower,444,393,418.5,51,11,Yes,No
Chamberlain and Warme (1996),Timpahute Range,Nevada,37.629754,-115.187839,Devonian,Lower-Middle,444,393,418.5,51,11,Yes,No
Andreeva (2015),Moesian Platform,Bulgaria,43.561992,28.22018,Devonian,Middle,393,359,376,34,10,No,No
Wehrmann et al. (2010),Taurides block,Turkey,36.282049,33.582617,Devonian,Middle-Upper,393,359,376,34,10,No,No
LaMaskin and Elrick (1997),Guilmette Fm. ,Nevada,39.439527,-116.245173,Devonian,Middle-Upper,393,359,376,34,10,No,No
"Klussendorf et al., (1988)",Thiensville Fm.,Michigan,43.165657,-87.966547,Devonian,Middle,393,359,376,34,10,No,No
Skompski and Szulczewski (1994),Holy Cross Mts.,Poland,50.864384,20.750475,Devonian,Middle,393,359,376,34,10,No,No
Beus (1980),Elbert Fm.,Arizona,35.751064,-112.043834,Devonian,Upper,393,359,376,34,10,No,No
Cook et al. (2002),Bolshoi Karatau,Southern Kazakhstan,43.790162,68.54022,Devonian,Upper,393,359,376,34,10,No,No
Cutler (1983),Grosomont,Alberta,51.67391,-112.28192,Devonian,Upper,393,359,376,34,10,No,No
Halabura (1982),Birdbear Fm.,Saskatchewan,49.374508,-104.222324,Devonian,Upper,393,359,376,34,10,No,No
Tanavsuu-Milkeviciene (2009),Narva,Baltic Basin,56.299963,23.661873,Devonian,Middle,393,359,376,34,10,Yes,No
Shen (2002),Huanan platforms,China,25.151416,110.0529,Devonian,Middle-Late,393,359,376,34,10,Yes,No
Wehrmann et al. (2010),Taurides block,Turkey,37.862864,35.953803,Devonian,Middle-Upper,393,359,376,34,10,Yes,No
Park and Jones (1987),Keg River Fm.,Alberta,59.428194,-112.881169,Devonian,Middle,393,359,376,34,10,Yes,No
Dorobek (1991),Jefferson Fm.,Montana,45.192454,-111.293494,Devonian,Upper,393,359,376,34,10,Yes,No
Wendt (1988),Anti-Atlas,Morocco,31.102793,-4.728781,Devonian,Upper,393,359,376,34,10,Yes,No
Dreesen (1989),Ardene Platform,Belgium,50.567772,6.686418,Devonian,Upper,393,359,376,34,10,No,Yes
Rosenthal (1988),Elk Point Group,Alberta (?),51.563158,-99.999915,Devonian,Middle,393,359,376,34,10,Yes,Yes
Kerans (1985),Canning Basin,Australia,-18.410011,125.64725,Devonian,Upper,393,359,376,34,10,Yes,Yes
Shao et al. (2011),Zimenqiao Fm.,South China,27.174588,110.645107,Carboniferous,Tournaisian (?),359,273,316,86,9,No,No
Smith et al. (2004),Madison Gp,Wyoming-Montana,44.466166,-109.524074,Carboniferous,L-M Miss,359,273,316,86,9,No,No
Smith et al. (2004),Madison Gp,Wyoming-Montana,44.466166,-109.524074,Carboniferous,L-M Miss,359,273,316,86,9,No,No
Nagy et al. (2005),Irish Midlands,Ireland,52.841393,-6.98992,Carboniferous,Lower (Mississippian),359,273,316,86,9,No,No
Bishop et al. (2010),Arrow Canyon,Nevada,36.737192,-114.739996,Carboniferous,Desmoinian-Virgillian,359,273,316,86,9,No,No
Wendt et al. (2005),Southeastern Iran,Iran,31.536996,54.667322,Carboniferous,Lower,359,273,316,86,9,No,No
Cook et al. (2002),Bolshoi Karatau,Southern Kazakhstan,43.790162,68.54022,Carboniferous,Tournaisian-Serp,359,273,316,86,9,No,No
Mossman and Brown (1986),Windsor Group,Nova Scotia,45.169,-64.122314,Carboniferous,Visean?,359,273,316,86,9,No,No
Babek et al. (2013),Wales-Brabant High,Wales,53.090854,-1.861056,Carboniferous,Tournaisian to Visean,359,273,316,86,9,No,No
Cozar et al. (2014),Tindouf Basin,Morocco,28.603329,-9.435099,Carboniferous,Serpukhovian,359,273,316,86,9,No,No
Cozar et al. (2014),Tindouf Basin,Morocco,28.603329,-9.435099,Carboniferous,Bashkirian,359,273,316,86,9,No,No
Xing (1986),Sichuan,China,28.832753,106.550567,Carboniferous,Middle,359,273,316,86,9,No,No
Proust et al. (1998),Russian Platform,Ural Mtns.,62.153253,60.722612,Carboniferous,Bashkirian,359,273,316,86,9,No,No
Huneke et al. (2001),Svalbard,Svalbard,78.580906,16.192374,Carboniferous,Kasimovian-Gzelian,359,273,316,86,9,No,No
Huneke et al. (2001),Svalbard,Svalbard,78.580906,16.192374,Permian,Asselian-Sakmarian,359,273,316,86,9,No,No
Mack and James (1986),Abo-Hueco,New Mexico,32.539251,-107.729196,Permian,Sakmarian/Artinskian,359,273,316,86,9,No,No
Buggisch et al. (2012),Gipshuken Fm.,Spitsbergen,78.554552,15.560115,Permian,Sakmarian/Artinskian,359,273,316,86,9,No,No
Wendt et al. (2005),Southeastern Iran,Iran,31.536996,54.667322,Carboniferous,Lower,359,273,316,86,9,Yes,No
Schofield and Adams (1985),Woo Dale limestone,UK,53.272546,-1.929178,Carboniferous,Lower Miss (Din),359,273,316,86,9,Yes,No
Soreghan (1994),Pedregosa and Orogrande basins,SW US,32.355714,-108.704415,Carboniferous,Late,359,273,316,86,9,Yes,No
McCahon and Miller (1997),Council Grove Group,Kansas,39.247665,-96.562007,Carboniferous-Perm,Upper,359,273,316,86,9,Yes,No
Elliot (1987),Mission Canyon,North Dakota,48.099266,-103.330132,Carboniferous,Tournaisian-Visean?,359,273,316,86,9,No,Yes
Wright (1986),Llanely Formation,Wales,51.596287,-3.420035,Carboniferous,Lower Miss (Din),359,273,316,86,9,No,Yes
Thomas and Groves (2002),Gilmore City Fm.,Iowa,42.768292,-94.299627,Carboniferous,Lower (??,359,273,316,86,9,Yes,Yes
Bendias et al. (2013),Khuff Formation,Oman,23.751517,56.850623,Permian,Middle,273,247,260,26,8,No,No
Liu et al. (2016),Maping Fm.,China,40.682134,81.361717,Permian,Artinskian,273,247,260,26,8,No,No
Vaslet et al. (2005),Khuff Formation,Central Saudi Arabia,25.861703,45.524684,Permian,Middle,273,247,260,26,8,No,No
Khalifa (2005),Khuff Formation,Oman,26.083398,43.962749,Permian,Upper,273,247,260,26,8,No,No
Boeckelmann ( (1991),Bellepheron Fm.,Southern Alps,46.702359,11.652805,Permian,Upper,273,247,260,26,8,No,No
Buggisch et al. (2012),Gipshuken Fm.,Spitsbergen,78.554552,15.560115,Permian,Sakmarian/Artinskian,273,247,260,26,8,No,No
Vaslet et al. (2005),Khuff Formation,Central Saudi Arabia,25.861703,45.524684,Triassic,Lower,273,247,260,26,8,No,No
Koehrer et al. (2010),Khuff Formation,Oman,23.218523,58.502835,Triassic,Lower,273,247,260,26,8,No,No
Peyravi et al. (2010),Kangan Fm.,Persian Gulf,25.675968,53.149979,Triassic,Lower,273,247,260,26,8,No,No
Miller et al. (1984),Granduer Formation,Nevada,41.296462,-114.298129,Permian,Leonardian,273,247,260,26,8,Yes,No
"Insalaco et al., 2006",Dalan Formation,Iran,29.001362,53.37467,Permian,Upper,273,247,260,26,8,Yes,No
Stemmerik (2001),Wegener Halvø Fm.,East Greenland,71.192375,-23.004378,Permian,Upper,273,247,260,26,8,Yes,No
Olivier et al. (2016),Black Dragon and Sinbad Fms,Utah,38.280113,-111.312677,Triassic,Early,273,247,260,26,8,Yes,No
Komatsu et al. (2014),An Chau Basin,N Vietmnam,21.871813,106.783261,Triassic,Lower,273,247,260,26,8,Yes,No
Esteban and Pray 1983,SR-Tansill,West Texas,32.287465,-104.446099,Permian,Middle,273,247,260,26,8,Yes,Yes
Ulmer-Scholle and Scholle (1994),"Park City Fm.,  Bighorn",Wyoming,43.975668,-107.998334,Permian,Middle,273,247,260,26,8,Yes,Yes
Smith (1975),Magnesian Limestone,UK,54.133357,-1.514842,Permian,Upper,273,247,260,26,8,Yes,Yes
Kaiser et al. (2003),Zechstein,Germany,54.095348,12.118987,Permian,Upper,273,247,260,26,8,Yes,Yes
S?owakiewicz (2013),Zechstein,Poland,53.17514,14.673685,Permian,Upper,273,247,260,26,8,Yes,Yes
"Insalaco et al., 2006",Kangan Formation,Iran,29.001362,53.37467,Triassic,Lower,273,247,260,26,8,Yes,Yes
Stefani et al. 2010,Alpine Dolomites,Italy,46.342671,11.908299,Triassic,Early-Late,273,247,260,26,8,Yes,Yes
Zonneveld et al. (2001),Liard Formation,British Colombia,56.125267,-122.627297,Triassic,Middle,247,201,224,46,7,No,No
Carpentier et al. (2016),Mhira Fm.,Tunisia,32.873939,10.51023,Triassic,Late,247,201,224,46,7,No,No
"Arche et al., (1995)",Canete Fm.,Spain,39.918999,-1.363659,Triassic,Middle,247,201,224,46,7,Yes,No
Lehrmann et al. (1998),Great Bank of Ghizou,South China,25.942671,106.770011,Triassic,Middle,247,201,224,46,7,Yes,No
Jaglarz and Uchman (2010),Tatra Mtns,Poland,49.43475,19.957614,Triassic,Mid (?),247,201,224,46,7,Yes,No
Schauer and Aigner (1997),Muschelkalk,Germany,48.058529,10.323386,Triassic,Middle,247,201,224,46,7,Yes,No
Knaust and Costamanga (2012),Muschelkalk,Sardinia,40.652231,8.276602,Triassic,Middle,247,201,224,46,7,Yes,No
Haas and Demeny (2002),Transdanubian Range,Hungary,47.583396,18.527617,Triassic,Late,247,201,224,46,7,Yes,No
Honig et al. (2017),Musandam Peninsula,UAE and Oman,25.772541,56.185896,Triassic,Late,247,201,224,46,7,Yes,No
Gaetani et al. (1993),North Karakorum,Packistan,36.601545,74.630656,Triassic,Late,247,201,224,46,7,Yes,No
Decarlis and Lualdi (2008),Liassic Alps,Italy,44.239992,8.177131,Triassic,Late,247,201,224,46,7,Yes,No
Whalen (1988),Martin Bridge LS,Oregon-Idaho,45.445824,-116.562347,Triassic,Late,247,201,224,46,7,No,Yes
Assereto and Folk (1980),Calcere Rosso,Italy,45.898879,9.835968,Triassic,Middle (Ladinian),247,201,224,46,7,Yes,Yes
Collinson et al. (1976),Thaynes Fm,Nevada,40.361223,-114.420693,Triassic,Late,247,201,224,46,7,Yes,Yes
Pomoni-Papaioannou and Kostopoulou (2008),Argolis Peninsula,Greece,37.520599,23.180112,Triassic,Late,247,201,224,46,7,Yes,Yes
Bosence et al. (2009),Iberian Basin (IB),C Spain,41.002713,-0.810572,Jurassic,Lower,201,174,187.5,27,6,No,No
Farouk et al. (2018),Marrat Fm.,C Saudi Arabia,24.25,46.166667,Jurassic,Lower,201,174,187.5,27,6,No,No
Bosence et al. (2009),Lomo Prieto (B),S Spain,36.623919,-5.305977,Jurassic,Lower,201,174,187.5,27,6,Yes,No
Bosence et al. (2009),Monte Bove (AP),C Italy,42.74708,13.11389,Jurassic,Lower,201,174,187.5,27,6,Yes,No
Bosence et al. (2009),Chalkis Quarry (P),Greece,38.363031,23.789045,Jurassic,Lower,201,174,187.5,27,6,Yes,No
Bosence et al. (2009),Tunisia (T),Tunisia,36.212445,9.962001,Jurassic,Lower,201,174,187.5,27,6,Yes,No
Bosence et al. (2009),High Atlas (AK),Morocco,31.753922,-5.317787,Jurassic,Lower,201,174,187.5,27,6,Yes,No
Honig et al. (2017),Musandam Peninsula,UAE and Oman,25.803245,56.148336,Jurassic,Lower,201,174,187.5,27,6,Yes,No
Gomez and Goy (2005),Iberian Platform,E Spain,40.756819,-2.331263,Jurassic,Lower,201,174,187.5,27,6,Yes,No
Pomoni-Papaioannou and Kostopoulou (2008),Gavrovo-Tripolitza platform,Greece,37.008268,22.91495,Jurassic,Lower,201,174,187.5,27,6,No,Yes
Merino-Tome et al. (2011),High Atlas Mtns,Morocco,32.257289,-3.236442,Jurassic,Early,201,174,187.5,27,6,Yes,Yes
Bosence et al. (2000),Rock of Gibraltar,Gibraltar,36.133341,-5.34492,Jurassic,Early,201,174,187.5,27,6,Yes,Yes
Monaco and Giannetti (2002),Southern Alps,Italy,45.7784,11.175033,Jurassic,Lower,201,174,187.5,27,6,Yes,Yes
Martiuns et al. (2012),Velebit Mt.,Croatia,44.553344,15.223543,Jurassic,Lower,201,174,187.5,27,6,Yes,Yes
Brandano et al. (2015),Central Apennines,C Italy,42.009622,12.953398,Jurassic,Lower,201,174,187.5,27,6,Yes,Yes
Wilmsen and Neuweiler (2008),High Atlas Mtns,Morocco,32.456417,-4.7162,Jurassic,Lower,201,174,187.5,27,6,Yes,Yes
Burgess (1979),High Atlas Mtns,Morocco,31.505264,-7.10205,Jurassic,Lower,201,174,187.5,27,6,Yes,Yes
Soussi and Ismail (2000),Nara Fm.,Tunisia,35.164536,9.298822,Jurassic,Lower,201,174,187.5,27,6,Yes,Yes
Blakey et al. (1983),Carmel Fm.,Utah,37.913694,-112.21087,Jurassic,Middle,174,145,159.5,29,5,No,No
Parcell and Williams (2005),Ellis Gp.,Wyoming and Montana,43.84328,-111.052485,Jurassic,Middle,174,145,159.5,29,5,No,No
"Azeredo et al., (2002)",Lusitanian Basin,Portugal,39.429593,-9.036004,Jurassic,Middle,174,145,159.5,29,5,No,No
Fursich et al. (1995),Causses,S France,44.469177,2.399563,Jurassic,Middle,174,145,159.5,29,5,No,No
Hudson (1970),Mytilus shale,Scotland,57.374049,-6.39919,Jurassic,Middle,174,145,159.5,29,5,No,No
Yang et al. (2017),Buqu Fm.,,33.917513,87.334498,Jurassic,Upper,174,145,159.5,29,5,No,No
Cisneros and Vera (1993),Purbeck Carbonates,S Spain,37.426408,-3.499199,Jurassic,Late ,174,145,159.5,29,5,No,No
Jank et al. (2006),Jura Mtns.,Switzerland,47.433487,7.097311,Jurassic,Late ,174,145,159.5,29,5,No,No
Lasemi (1995),Mozduran Fm.,NE Iran,37.473374,57.830644,Jurassic,Upper,174,145,159.5,29,5,No,No
Carmeille et al. (2018),Kugitang Fm. ,Uzbeckistan,37.697591,66.126712,Jurassic,Upper,174,145,159.5,29,5,No,No
Kirkham (2004),Arab Fm.,Saudi Araia,25.184513,51.209271,Jurassic,Upper,174,145,159.5,29,5,No,No
Kirkham (2004),Arab Fm.,Saudi Araia,23.526654,54.297882,Jurassic,Upper,174,145,159.5,29,5,No,No
Kirkham (2004),Arab Fm.,Saudi Araia,25.325813,49.165828,Jurassic,Upper,174,145,159.5,29,5,No,No
Blair (1988),San ricardo Fm.,S. Mexico,16.721214,-93.615974,Jurassic,Upper,174,145,159.5,29,5,No,No
Armalla et al. (2007),Picu´n Leufu´ Fm.,Argentina,-35.963278,-69.922515,Jurassic,Upper,174,145,159.5,29,5,No,No
Esposito and King Jr. (1987),Smackover,alabama,30.722066,-89.038813,Jurassic,Upper,174,145,159.5,29,5,No,No
Wilmsen et al. (2010),Kamar-e-Mehdi,NW Iran,33.41048,56.974506,Jurassic,Upper,174,145,159.5,29,5,No,No
Oivanki (1974),Zuloaga ,N Mexico,25.067668,-101.210472,Jurassic,Upper,174,145,159.5,29,5,No,No
El-Asmar et al. (2015),Jubalia Fm.,C Saudi Arabia,24.322639,45.279737,Jurassic,Upper,174,145,159.5,29,5,No,No
Kavoosi (2014),Mozduran Fm.,NE Iran,36.619931,59.685215,Jurassic,Upper,174,145,159.5,29,5,No,No
Abbot et al. (2016),Purbeck Carbonates,S UK,50.970276,0.315218,Jurassic,Upper,174,145,159.5,29,5,No,No
Legarreta et al. (1991),Neaquen basin,Argentina,-35.833995,-69.837049,Jurassic,Middle,174,145,159.5,29,5,Yes,No
Jadoul (2018),Mt. Barda Fm.,Sardinia,40.170473,9.529511,Jurassic/Cretacous,Tith/Berr,174,145,159.5,29,5,Yes,Yes
Kirmaci et al. (1996),Berdiga LS,NE Turkey,40.198365,39.630762,Cretaceous,Early ,145,101,123,44,4,No,No
Strasser (1988),Purbeckian carbonates,Eastern France,46.293385,5.846499,Cretaceous,Early ,145,101,123,44,4,No,No
Blair (1988),San ricardo Fm.,S. Mexico,16.721214,-93.615974,Cretaceous,Early,145,101,123,44,4,No,No
Cisneros and Vera (1993),Purbeck Carbonates,S Spain,37.749155,-2.97986,Cretaceous,Early,145,101,123,44,4,No,No
Widodo and Laya (2017),Lower Edwards Gp,C TX,30.756097,-99.231544,Cretaceous,Early,145,101,123,44,4,No,No
Tlig and M'Rabat (1985),Lower Cretaceous Series,C Tunisia,34.851348,8.873379,Cretaceous,Early,145,101,123,44,4,No,No
Hovorka et al. (1995),Edwards Gp,C Texas,29.844962,-98.037263,Cretaceous,Early,145,101,123,44,4,No,No
Phelps et al. (2014),Glen Rose + Edwards Fms.,SE Texas,29.309221,-97.656889,Cretaceous,Early,145,101,123,44,4,No,No
Richards (1988),Sunniland LS,Florida,25.993356,-80.90121,Cretaceous,Early,145,101,123,44,4,No,No
Lehmann et al. (1999),Cupido/Coahuila Platforms,NE Mexico,25.216368,-101.706815,Cretaceous,Early,145,101,123,44,4,No,No
Suarez et al. (2009),Tlayua Fm.,S Mexico,18.583333,-97.904167,Cretaceous,Early,145,101,123,44,4,No,No
Marzouk and Youssef (2008),Chotts area, S Tunisia,34.251467,8.785128,Cretaceous,Early,145,101,123,44,4,No,No
El Albani et al. (2005),Purbeckian carbonates,SW France,45.712245,-0.526385,Cretaceous,Early,145,101,123,44,4,No,No
Ramadan and Zaid (2012),Risan Aneiza Fm.,"Sinai, Egypt",30.71724,33.47873,Cretaceous,Early,145,101,123,44,4,No,No
Armalla et al. (2007),Picu´n Leufu´ Formation,Argentina,-35.963278,-69.922515,Cretaceous,Early,145,101,123,44,4,No,No
Amodio (2006),San Lorenzello,Southern Italy,41.100222,14.310296,Cretaceous,Early ,145,101,123,44,4,Yes,No
Iryu and Yamada (1999),Mid-Pacific Mountains,Allison and Resolution Guyots,19.977581,179.98429,Cretaceous,Early,145,101,123,44,4,Yes,No
Quijada et al. (2013),Valdeprado Fm.,N Spain,42.016144,-2.550951,Cretaceous,Early,145,101,123,44,4,Yes,No
Hu et al. (2012),Coastal SE China,SE China,25.443348,119.038206,Cretaceous,Early,145,101,123,44,4,Yes,No
Hersi et al. (2014),Hinna Mbr.,Oman,18.174097,56.111281,Cretaceous,Early,145,101,123,44,4,Yes,No
Jamalian et al. (2011),Fahliyan Fm.,S Iran,28.874472,51.475838,Cretaceous,Early,145,101,123,44,4,No,Yes
Jadoul (2018),Mt. Barda Fm.,Sardinia,40.170473,9.529511,Jurassic/Cretacous,Tith/Berr,145,101,123,44,4,Yes,Yes
Minero (1991),El Abra Fm.,Central Mexico,21.371541,-99.204198,Cretaceous,Early,101,66,83.5,35,3,No,No
Abed (1986),Shueib Fm.,Jordan,30.953242,35.615442,Cretaceous,Late,101,66,83.5,35,3,No,No
Simone et al. (2012),Monteforte Cilento ,S. Italy,40.379878,15.19126,Cretaceous,Late,101,66,83.5,35,3,No,No
Hernandez-Romano et al. (1997),Guerrero-Morelos Platform,S Mexico,17.876836,-99.355903,Cretaceous,Late,101,66,83.5,35,3,No,No
Zhang et al. (2018),Tarim Basin,SE China,39.302878,74.618663,Cretaceous,Late,101,66,83.5,35,3,No,No
Dull et al. (2006),Wafra Field,Kuwait,28.817117,47.738819,Cretaceous,Late,101,66,83.5,35,3,No,No
Obradovic et al. (1993),Peraidriatic Platform,Yugoslavia,42.335221,18.806266,Cretaceous,Late,101,66,83.5,35,3,No,No
Wanas (2008),Raha Fm.,"Sinai, Egypt",29.678356,33.662692,Cretaceous,Late,101,66,83.5,35,3,No,No
Luning et al. (1998),Judea Gp. (?),"Sinai, Egypt",30.109208,34.472965,Cretaceous,Late,101,66,83.5,35,3,No,No
 Bazargani-Guilani (2010),Semnan region,C Iran,35.166718,52.311621,Cretaceous,Late,101,66,83.5,35,3,No,No
Basilone and Sulli (2018),Panormide platform,NW Sicily,38.11595,13.23559,Cretaceous,Late,101,66,83.5,35,3,Yes,No
Newport et al. (2017),Zebbag Fm.,Tunisia,38.11595,13.23559,Cretaceous,Late,101,66,83.5,35,3,Yes,No
Legarreta et al. (1989),Malargue Gp.,Argentina,-35.833995,-69.837049,Cretaceous,Late,101,66,83.5,35,3,Yes,No
Arzaghi et al. (2012),Sachun Fm.,S Iran,29.396755,53.362353,Pal-Eoc,,66,23,44.5,43,2,No,No
Silva et al. (2009),Campo Section,Spain,42.193993,0.024705,Paleocene,,66,23,44.5,43,2,No,No
Mehr and Adabi (2014),Ziyarat Fm.,N Iran,35.699105,51.825193,Pal-Eoc,,66,23,44.5,43,2,No,No
Mresah (1993),Sirte Basin,Libya,29.267276,21.808025,Paleocene,,66,23,44.5,43,2,No,No
Messadi et al. (2016),Gafsa Basin,Tunisia,34.358416,7.864274,Paleocene,,66,23,44.5,43,2,No,No
Bou-Rabee and Burke (1987),Wafra Member,Kuwait,28.843604,47.763876,Pal-Eoc,,66,23,44.5,43,2,No,No
Nadjafi et al. (2004),Jahrum Fm.,SW Iran,29.264583,52.810497,Pal-Eoc,,66,23,44.5,43,2,No,No
Srivastava et al. (2017),Harudi Fm.,W India,23.404661,69.410686,Eocene,,66,23,44.5,43,2,No,No
Mahboubi et al. (2001),Chehel-Kaman Fm,NE Iran,36.168988,60.154657,Paleocene,,66,23,44.5,43,2,No,No
Ranjbaran et al. (2007),Asmari Fm.,C Iran,30.52782,50.900626,Oligocene ,,66,23,44.5,43,2,No,No
Whittle and Alsharhan (1994),Rus Fm,UAE/Oman,23.31254,55.372428,Eocene,,66,23,44.5,43,2,No,No
Trappe (1992),Paleogene series,Morocco,31.661562,-8.192232,Paleogene,,66,23,44.5,43,2,No,No
Nichols and Watchorn  (1998),Hadramaut Gp.,Yemen,14.847491,49.76336,Paleocene-Olig,,66,23,44.5,43,2,No,No
 Al-Youzbaki et al. (2005),Euphrates Fm.,N Iraq,34.36533,41.719829,Oligocene,,66,23,44.5,43,2,Yes,No
Ranjbaran et al. (2007),Asmari Fm.,C Iran,30.52782,50.900626,Miocene,,23,0,11.5,23,1,No,No
Shawkat and Tucker (1978),Fars Fm.,Iraq,34.442357,44.171835,Miocene,,23,0,11.5,23,1,No,No
El Sayed (1986),Gebel El Rusas Formation,Egypt,24.991291,34.840788,Miocene,,23,0,11.5,23,1,No,No
Shawkat and Tucker (1978),Fars Fm.,Iraq,30.287234,46.044723,Miocene,,23,0,11.5,23,1,No,No
Aqrawi et al. (2006),Asmari Fm.,SW Iran,31.095706,49.319165,Miocene,,23,0,11.5,23,1,No,No
Al-Juboury and McCan (2008),Fatha Fm.,NE Iraq,36.185081,42.909838,Miocene,,23,0,11.5,23,1,No,No
Aref and Mandurah (2011),Dafin Fm.,E Saudi,21.733743,39.266521,Miocene,,23,0,11.5,23,1,No,No
Dill et al. (2005),Dam Fm.,Qatar,25.226889,51.139131,Miocene,,23,0,11.5,23,1,No,No
Nichols and Watchorn  (1998),Hadramaut Gp.,Yemen,14.847491,49.76336,Micoene-recent,,23,0,11.5,23,1,No,No
Ocakoglu et al. (2018),Karamam Member,Turkey ,39.852547,37.854705,Miocene,,23,0,11.5,23,1,Yes,No
Bashri et al. (2017),Dam Fm.,C Saudi Arabia,25.610633,48.663918,Miocene,,23,0,11.5,23,1,Yes,No
James et al. (1988),Gebel Abu Shaar,Egypt,27.849456,33.406773,Miocene,,23,0,11.5,23,1,Yes,No
Schreiber and Friedman (1976),Sicilian Basin,Sicily,37.368538,13.739944,Miocene,,23,0,11.5,23,1,No,Yes
